Sample_id,order_in_plate,typeofSamp,Run,Country,Strata,sample_ampl_rate,Total_ReadDepth,Mean_ReadDepth,SD_ReadDepth,Median_ReadDepth,IQR_ReadDepth,q25_ReadDepth,q75_ReadDepth,SamplePlate_ID,SamplePlate_Well_Position,Parasite_qPCR,Cq,Parasite_Concentration
104-GZ,85,Samples,Run1,Honduras,Honduras,0.651041666666667,75078,600.624,1412.96792799709,70,314,21,335,Honduras 003,B01,P. vivax,20.1878144626197,65.4412633361302
107-GZ,81,Samples,Run1,Honduras,Honduras,0.692708333333333,91587,688.624060150376,2493.41312139849,48,213,16,229,Honduras 003,A09,P. vivax,20.7990561228053,38.6420862591246
110-GZ,43,Samples,Run1,Honduras,Honduras,0.755208333333333,152063,1048.71034482759,3199.49415037675,77,301,23,324,Honduras 003,A07,P. vivax,18.2999429029167,333.036906580339
116-GZ,78,Samples,Run1,Honduras,Honduras,0.828125,94370,593.522012578616,1644.32220208182,69,290.5,21,311.5,Honduras 003,A06,P. vivax,17.1129796015811,926.358826827661
118-GZ,51,Samples,Run1,Honduras,Honduras,0.734375,72734,515.843971631206,2258.40092380076,55,144,23,167,Honduras 003,B03,P. vivax,18.1594048685003,375.920943288124
165-GZ,102,Samples,Run1,Honduras,Honduras,0.776041666666667,57409,385.295302013423,1272.29040913641,55,207,21,228,Honduras 003,C06,P. vivax,15.592645781031,3434.38152880706
174-GZ,58,Samples,Run1,Honduras,Honduras,0.791666666666667,82568,543.21052631579,1895.30278428722,61,222.5,19,241.5,Honduras 003,B10,P. vivax,19.9649428090963,79.300104245248
175-GZ,53,Samples,Run1,Honduras,Honduras,0.723958333333333,84324,606.647482014389,1854.18670347738,81,347,20.5,367.5,Honduras 003,B05,P. vivax,19.9115630302604,83.0336449151265
183-GZ,60,Samples,Run1,Honduras,Honduras,0.791666666666667,118231,777.83552631579,2714.79007870678,90,315,26,341,Honduras 003,B12,P. vivax,18.8817063260972,201.713572331233
190-GZ,73,Samples,Run1,Honduras,Honduras,0.697916666666667,78823,588.231343283582,1844.16718744555,63.5,400.5,23.25,423.75,Honduras 003,A01,P. vivax,22.3526159177145,10.1287209276512
193-GZ,40,Samples,Run1,Honduras,Honduras,0.651041666666667,156527,1252.216,5046.81762164966,68,295,17,312,Honduras 003,A04,P. vivax,21.8347205004795,15.8272587810203
200-GZ,67,Samples,Run1,Honduras,Honduras,0.625,43530,362.75,1223.51481053424,39.5,147.75,17,164.75,Honduras 003,C07,P. vivax,18.2319601223229,353.133315498422
201-GZ,48,Samples,Run1,Honduras,Honduras,0.817708333333333,98372,626.573248407643,1642.57681084818,77,376,24,400,Honduras 003,A12,P. vivax,17.4932905600163,667.462336508764
213-GZ,57,Samples,Run1,Honduras,Honduras,0.692708333333333,73972,556.18045112782,2184.17921909584,58,178,22,200,Honduras 003,B09,P. vivax,19.1384398839214,161.673313993921
PF-230,38,Samples,Run1,Honduras,Honduras,0.677083333333333,170055,1308.11538461538,4039.25140549777,74.5,427,24,451,Honduras 003,A02,P. vivax,19.3594205671202,133.636181509755
PF-428,41,Samples,Run1,Honduras,Honduras,0.859375,166418,1008.59393939394,3235.91414478229,78,332,30,362,Honduras 003,A05,P. vivax,20.922743284603,34.7347183679848
G4G0523,98,Samples,Run2,Guyana,Guyana,0.765625,12384,84.2448979591837,199.21467706825,29,57,14,71,NA,NA,NA,NA,NA
G4G0534,20,Samples,Run2,Guyana,Guyana,0.786458333333333,15579,103.172185430464,239.726198306579,41,67.5,16.5,84,Gates 056,B08,P. vivax,18.1278303933029,925.28306701475
G4G0539,62,Samples,Run2,Guyana,Guyana,0.630208333333333,17291,142.900826446281,624.049990050993,32,96,13,109,NA,NA,NA,NA,NA
G4G0546,15,Samples,Run2,Guyana,Guyana,0.723958333333333,16577,119.258992805755,303.055319437818,38,69,18.5,87.5,Gates 056,B03,P. vivax,20.7159465782174,143.221819864052
G4G0567,18,Samples,Run2,Guyana,Guyana,0.838541666666667,22211,137.95652173913,328.178178506472,51,94,20,114,Gates 056,B06,P. vivax,18.6869169727832,618.35878927361
G4G0784,270,Samples,Run2,Guyana,Guyana,0.630208333333333,5265,43.5123966942149,60.7969456061842,24,28,14,42,NA,NA,NA,NA,NA
G4G0943,252,Samples,Run2,Guyana,Guyana,0.567708333333333,7010,64.3119266055046,151.01212222912,20,29,12,41,NA,NA,NA,NA,NA
G4G0952,150,Samples,Run2,Guyana,Guyana,0.630208333333333,5298,43.7851239669422,65.2117329181861,20,29,12,41,NA,NA,NA,NA,NA
G4G0954,253,Samples,Run2,Guyana,Guyana,0.9375,28664,159.244444444444,354.634151279709,72,131.5,24,155.5,NA,NA,NA,NA,NA
G4G1056,40,Samples,Run2,Guyana,Guyana,0.567708333333333,6213,57,234.042493767454,22,24,12,36,NA,NA,NA,NA,NA
G4G1057,198,Samples,Run2,Guyana,Guyana,0.557291666666667,4785,44.7196261682243,123.729223099943,18,24,9,33,NA,NA,NA,NA,NA
G4G1062,152,Samples,Run2,Guyana,Guyana,0.541666666666667,4899,47.1057692307692,88.6996588547889,22.5,30,11,41,NA,NA,NA,NA,NA
G4G1123,154,Samples,Run2,Guyana,Guyana,0.677083333333333,6123,47.1,99.3640124831128,25.5,27.75,15,42.75,NA,NA,NA,NA,NA
G4G1130,21,Samples,Run2,Guyana,Guyana,0.833333333333333,24151,150.94375,399.440477329533,61.5,99.75,25.75,125.5,Gates 056,B09,P. vivax,19.7406427039617,289.300403019875
G4G1151,99,Samples,Run2,Guyana,Guyana,0.546875,4724,44.9904761904762,66.7376458227541,21,29,11,40,NA,NA,NA,NA,NA
G4G1158,135,Samples,Run2,Guyana,Guyana,0.916666666666667,29330,166.647727272727,531.726719063688,58.5,105,23,128,NA,NA,NA,NA,NA
G4G1162,136,Samples,Run2,Guyana,Guyana,0.890625,23111,135.152046783626,324.75761139279,46,105,19,124,NA,NA,NA,NA,NA
G4G1191,101,Samples,Run2,Guyana,Guyana,0.65625,7252,57.5555555555556,124.784457721661,24.5,35.75,12,47.75,NA,NA,NA,NA,NA
G4G1192,137,Samples,Run2,Guyana,Guyana,0.760416666666667,17057,116.828767123288,198.179485336209,41.5,96.25,18.25,114.5,NA,NA,NA,NA,NA
G4G1204,179,Samples,Run2,Guyana,Guyana,0.625,9517,79.3083333333333,301.683032387989,25.5,35.25,14,49.25,NA,NA,NA,NA,NA
G4G1213,100,Samples,Run2,Guyana,Guyana,0.697916666666667,13551,101.126865671642,232.90894737869,44,67.75,19.25,87,NA,NA,NA,NA,NA
G4G1220,156,Samples,Run2,Guyana,Guyana,0.802083333333333,15674,101.779220779221,225.314311958306,41.5,64,17,81,NA,NA,NA,NA,NA
G4G1314,241,Samples,Run2,Guyana,Guyana,0.744791666666667,12572,87.9160839160839,182.347814088533,36,52.5,15,67.5,NA,NA,NA,NA,NA
G4G1320,240,Samples,Run2,Guyana,Guyana,0.963541666666667,45844,247.805405405405,589.316391892531,97,173,39,212,NA,NA,NA,NA,NA
G4G1331,238,Samples,Run2,Guyana,Guyana,0.640625,6693,54.4146341463415,102.465502137786,22,40,11,51,NA,NA,NA,NA,NA
G4G1338,37,Samples,Run2,Guyana,Guyana,0.765625,14056,95.6190476190476,282.699301338311,36,68.5,17,85.5,NA,NA,NA,NA,NA
G4G1362,118,Samples,Run2,Guyana,Guyana,0.875,22139,131.779761904762,320.410111930769,54,106,22,128,NA,NA,NA,NA,NA
G4G1363,119,Samples,Run2,Guyana,Guyana,0.890625,23706,138.631578947368,293.23080439129,61,103.5,18.5,122,NA,NA,NA,NA,NA
G4G1364,239,Samples,Run2,Guyana,Guyana,0.713541666666667,9014,65.7956204379562,135.412069292549,30,37,14,51,NA,NA,NA,NA,NA
G4G1369,237,Samples,Run2,Guyana,Guyana,0.588541666666667,4427,39.1769911504425,77.3958090052703,19,22,11,33,NA,NA,NA,NA,NA
G4G1370,217,Samples,Run2,Guyana,Guyana,0.583333333333333,5012,44.75,61.3819088880326,23,43,11,54,NA,NA,NA,NA,NA
G4G1394,43,Samples,Run2,Guyana,Guyana,0.723958333333333,16750,120.503597122302,636.71093678054,33,37,16.5,53.5,NA,NA,NA,NA,NA
G4G1399,61,Samples,Run2,Guyana,Guyana,0.713541666666667,11179,81.5985401459854,166.083318028226,32,50,15,65,NA,NA,NA,NA,NA
G4G1908,72,Samples,Run2,Guyana,Guyana,0.848958333333333,33003,202.472392638037,850.51731035928,45,91,21.5,112.5,NA,NA,NA,NA,NA
G4G1921,91,Samples,Run2,Guyana,Guyana,0.786458333333333,17966,118.980132450331,231.930462860421,42,98.5,16.5,115,NA,NA,NA,NA,NA
G4G1922,90,Samples,Run2,Guyana,Guyana,0.848958333333333,22131,135.773006134969,280.697572429952,45,80.5,18,98.5,NA,NA,NA,NA,NA
G4G1928,66,Samples,Run2,Guyana,Guyana,0.9375,25089,139.383333333333,322.974864113544,53,120,20,140,NA,NA,NA,NA,NA
G4G1938,8,Samples,Run2,Guyana,Guyana,0.583333333333333,5366,47.9107142857143,91.2442078696258,23.5,24.75,13,37.75,Gates 056,A08,P. vivax,18.947893207065,512.31410851207
G4G1943,56,Samples,Run2,Guyana,Guyana,0.703125,11789,87.3259259259259,226.231945090756,29,57.5,12,69.5,NA,NA,NA,NA,NA
G4G1944,63,Samples,Run2,Guyana,Guyana,0.625,11462,95.5166666666667,264.448084954031,32.5,55.5,14,69.5,NA,NA,NA,NA,NA
G4G1956,9,Samples,Run2,Guyana,Guyana,0.828125,15374,96.6918238993711,280.121898187415,35,65,15,80,Gates 056,A09,P. vivax,19.6601351566719,306.586944766685
G4G1963,27,Samples,Run2,Guyana,Guyana,0.614583333333333,5304,44.9491525423729,76.2982057184628,21,29.75,11,40.75,NA,NA,NA,NA,NA
G4G1965,26,Samples,Run2,Guyana,Guyana,0.671875,7365,57.093023255814,92.5578739441965,24,37,12,49,NA,NA,NA,NA,NA
G4G1969,24,Samples,Run2,Guyana,Guyana,0.692708333333333,12862,96.7067669172932,227.879778975633,28,57,14,71,Gates 056,B12,P. vivax,18.6419097711317,638.750143174869
G4G1984,266,Samples,Run2,Guyana,Guyana,0.869791666666667,19880,119.041916167665,241.944615620252,50,92,19,111,NA,NA,NA,NA,NA
G4G1986,268,Samples,Run2,Guyana,Guyana,0.953125,27980,152.896174863388,353.066667328841,66,131.5,23,154.5,NA,NA,NA,NA,NA
G4G1991,194,Samples,Run2,Guyana,Guyana,0.536458333333333,9048,87.8446601941748,154.008642314259,34,61,19.5,80.5,NA,NA,NA,NA,NA
G4G1992,195,Samples,Run2,Guyana,Guyana,0.96875,58737,315.790322580645,865.618850092563,97,211,43,254,NA,NA,NA,NA,NA
G4G1995,197,Samples,Run2,Guyana,Guyana,0.729166666666667,13829,98.7785714285714,213.730721049284,38,61.5,19,80.5,NA,NA,NA,NA,NA
G4G1996,196,Samples,Run2,Guyana,Guyana,0.927083333333333,107475,603.792134831461,1314.59378982794,193,393.5,72.5,466,NA,NA,NA,NA,NA
G4G2000,38,Samples,Run2,Guyana,Guyana,0.901041666666667,29334,169.560693641618,533.098242466101,69,141,21,162,NA,NA,NA,NA,NA
G4G2005,30,Samples,Run2,Guyana,Guyana,0.510416666666667,3120,31.8367346938776,37.5726633126149,19,27.5,11.25,38.75,NA,NA,NA,NA,NA
G4G2011,164,Samples,Run2,Guyana,Guyana,0.890625,33721,197.198830409357,562.183805193776,68,150.5,25.5,176,NA,NA,NA,NA,NA
G4G2017,163,Samples,Run2,Guyana,Guyana,0.682291666666667,9430,71.9847328244275,205.880285779899,29,41,15,56,NA,NA,NA,NA,NA
G4G2023,165,Samples,Run2,Guyana,Guyana,0.713541666666667,12517,91.3649635036496,254.922591362451,31,63,14,77,NA,NA,NA,NA,NA
G4G2026,160,Samples,Run2,Guyana,Guyana,0.932291666666667,26128,145.966480446927,309.423764901563,66,114.5,21,135.5,NA,NA,NA,NA,NA
G4G2032,159,Samples,Run2,Guyana,Guyana,0.75,18162,126.125,249.184624872257,51,94,22,116,NA,NA,NA,NA,NA
G4G2038,158,Samples,Run2,Guyana,Guyana,0.697916666666667,38320,285.970149253731,1854.0625336815,41.5,110,15,125,NA,NA,NA,NA,NA
G4G2056,76,Samples,Run2,Guyana,Guyana,0.671875,6525,50.5813953488372,75.3893744248007,26,38,14,52,NA,NA,NA,NA,NA
G4G2058,75,Samples,Run2,Guyana,Guyana,0.505208333333333,4131,42.5876288659794,90.2318486568212,15,29,8,37,NA,NA,NA,NA,NA
G4G2063,73,Samples,Run2,Guyana,Guyana,0.744791666666667,12499,87.4055944055944,149.221417758236,36,71,15.5,86.5,NA,NA,NA,NA,NA
G4G2095,2,Samples,Run2,Guyana,Guyana,0.671875,7925,61.4341085271318,108.995258279979,26,34,15,49,Gates 056,A02,P. vivax,18.9317293718493,518.318550229222
G4G2103,172,Samples,Run2,Guyana,Guyana,0.619791666666667,11961,100.512605042017,525.021982841562,24,31,10,41,NA,NA,NA,NA,NA
G4G2109,209,Samples,Run2,Guyana,Guyana,0.609375,7085,60.5555555555556,114.250439103091,30,42,15,57,NA,NA,NA,NA,NA
G4G2110,122,Samples,Run2,Guyana,Guyana,0.927083333333333,30952,173.887640449438,529.483031918225,74,128.5,24.25,152.75,NA,NA,NA,NA,NA
G4G2111,214,Samples,Run2,Guyana,Guyana,0.71875,14407,104.398550724638,177.814203855527,48,81,21,102,NA,NA,NA,NA,NA
G4G2115,216,Samples,Run2,Guyana,Guyana,0.994791666666667,245167,1283.59685863874,3360.52213828221,587,1112.5,195,1307.5,NA,NA,NA,NA,NA
G4G2123,207,Samples,Run2,Guyana,Guyana,0.5625,3480,32.2222222222222,83.0631257902303,16,18,11,29,NA,NA,NA,NA,NA
G4G2128,174,Samples,Run2,Guyana,Guyana,0.619791666666667,6512,54.7226890756302,137.722450219282,23,32.5,11.5,44,NA,NA,NA,NA,NA
G4G2129,212,Samples,Run2,Guyana,Guyana,0.979166666666667,45242,240.648936170213,506.283347510835,118.5,220.75,36.75,257.5,NA,NA,NA,NA,NA
G4G2132,275,Samples,Run2,Guyana,Guyana,0.609375,5874,50.2051282051282,116.706789867004,21,32,12,44,NA,NA,NA,NA,NA
G4G2135,210,Samples,Run2,Guyana,Guyana,0.802083333333333,14221,92.3441558441558,193.863956742331,37.5,67.25,15,82.25,NA,NA,NA,NA,NA
G4G2139,208,Samples,Run2,Guyana,Guyana,0.963541666666667,61038,329.935135135135,1519.87141407913,94,196,39,235,NA,NA,NA,NA,NA
G4G2149,4,Samples,Run2,Guyana,Guyana,0.739583333333333,10738,75.6197183098592,147.387256221065,44,60.5,19.25,79.75,Gates 056,A04,P. vivax,19.09834822186,459.656216731258
G4G2157,1,Samples,Run2,Guyana,Guyana,0.776041666666667,11248,75.489932885906,152.259008407423,31,64,14,78,Gates 056,A01,P. vivax,19.7809526973613,281.014758083138
G4G2170,3,Samples,Run2,Guyana,Guyana,0.947916666666667,48490,266.428571428571,1053.86642661488,84.5,196,32,228,Gates 056,A03,P. vivax,20.8357233680288,131.374322113807
G4G2171,120,Samples,Run2,Guyana,Guyana,0.984375,53183,281.391534391534,698.711995222909,142,234,44,278,NA,NA,NA,NA,NA
G4G2177,121,Samples,Run2,Guyana,Guyana,0.65625,6394,50.7460317460317,116.75889252698,20.5,31.75,11,42.75,NA,NA,NA,NA,NA
G4G2206,219,Samples,Run2,Guyana,Guyana,0.947916666666667,30912,169.846153846154,500.789849575812,65,119.5,26.5,146,NA,NA,NA,NA,NA
G4G2257,178,Samples,Run2,Guyana,Guyana,0.744791666666667,11699,81.8111888111888,137.010945951587,32,55,17,72,NA,NA,NA,NA,NA
G4G2269,218,Samples,Run2,Guyana,Guyana,0.651041666666667,6501,52.008,95.8523306462737,23,30,13,43,NA,NA,NA,NA,NA
G4G2273,221,Samples,Run2,Guyana,Guyana,0.671875,12754,98.8682170542636,246.542953276052,45,51,21,72,NA,NA,NA,NA,NA
G4G2304,222,Samples,Run2,Guyana,Guyana,0.651041666666667,5143,41.144,56.8126099133043,23,32,12,44,NA,NA,NA,NA,NA
G4G2308,213,Samples,Run2,Guyana,Guyana,0.53125,7126,69.8627450980392,126.620665200259,32.5,38.75,16.25,55,NA,NA,NA,NA,NA
G4G2328,191,Samples,Run2,Guyana,Guyana,0.583333333333333,4389,39.1875,69.44250733034,18.5,24,12,36,NA,NA,NA,NA,NA
G4G2331,142,Samples,Run2,Guyana,Guyana,0.791666666666667,11222,73.828947368421,253.127399704188,27,42.75,16,58.75,NA,NA,NA,NA,NA
G4G2346,188,Samples,Run2,Guyana,Guyana,0.723958333333333,10173,73.1870503597122,110.442034658446,39,61,17.5,78.5,NA,NA,NA,NA,NA
G4G2370,183,Samples,Run2,Guyana,Guyana,0.885416666666667,24811,145.947058823529,370.743300430073,61.5,118.25,21,139.25,NA,NA,NA,NA,NA
G4G2379,182,Samples,Run2,Guyana,Guyana,0.875,24971,148.636904761905,321.340035275099,52,119.5,21,140.5,NA,NA,NA,NA,NA
G4G2390,180,Samples,Run2,Guyana,Guyana,0.942708333333333,38895,214.889502762431,484.428367540635,88,185,33,218,NA,NA,NA,NA,NA
G4G2419,201,Samples,Run2,Guyana,Guyana,0.828125,17273,108.635220125786,277.834424359702,41,80.5,17,97.5,NA,NA,NA,NA,NA
G4G2420,200,Samples,Run2,Guyana,Guyana,0.875,18970,112.916666666667,258.3528297324,42.5,86.25,17,103.25,NA,NA,NA,NA,NA
G4G2423,280,Samples,Run2,Guyana,Guyana,0.515625,3940,39.7979797979798,70.6244710723166,17,27,10,37,NA,NA,NA,NA,NA
G4G2428,281,Samples,Run2,Guyana,Guyana,0.583333333333333,4584,40.9285714285714,62.1795879553826,24,26,14,40,NA,NA,NA,NA,NA
G4G2432,193,Samples,Run2,Guyana,Guyana,0.979166666666667,54307,288.867021276596,557.938440222316,144,248,50,298,NA,NA,NA,NA,NA
G4G2463,22,Samples,Run2,Guyana,Guyana,0.942708333333333,24386,134.729281767956,397.792741504128,65,108,25,133,Gates 056,B10,P. vivax,17.7618953501623,1204.5877681119
G4G2466,107,Samples,Run2,Guyana,Guyana,0.635416666666667,8840,72.4590163934426,107.869461018919,42.5,67.5,16,83.5,NA,NA,NA,NA,NA
G4G2470,108,Samples,Run2,Guyana,Guyana,0.8125,23312,149.435897435897,426.245396221278,38.5,89,14.75,103.75,NA,NA,NA,NA,NA
G4G2473,277,Samples,Run2,Guyana,Guyana,0.729166666666667,17945,128.178571428571,494.876559971732,42.5,67.75,16.5,84.25,NA,NA,NA,NA,NA
G4G2475,278,Samples,Run2,Guyana,Guyana,0.869791666666667,16884,101.101796407186,172.626856959575,53,85,21,106,NA,NA,NA,NA,NA
G4G2484,224,Samples,Run2,Guyana,Guyana,0.755208333333333,11058,76.2620689655172,154.637300583659,34,54,20,74,NA,NA,NA,NA,NA
G4G2494,48,Samples,Run2,Guyana,Guyana,0.651041666666667,7634,61.072,115.659691029469,26,42,14,56,NA,NA,NA,NA,NA
G4G2502,51,Samples,Run2,Guyana,Guyana,0.65625,11137,88.3888888888889,233.634927944337,30,51.25,17,68.25,NA,NA,NA,NA,NA
G4G2505,57,Samples,Run2,Guyana,Guyana,0.65625,8002,63.5079365079365,179.867050724995,24.5,34,15,49,NA,NA,NA,NA,NA
G4G2514,231,Samples,Run2,Guyana,Guyana,0.692708333333333,13886,104.406015037594,294.254142824882,37,76,17,93,NA,NA,NA,NA,NA
G4G2516,230,Samples,Run2,Guyana,Guyana,0.75,10819,75.1319444444444,177.371690905438,34,64,14.75,78.75,NA,NA,NA,NA,NA
G4G2517,283,Samples,Run2,Guyana,Guyana,0.838541666666667,13990,86.8944099378882,195.793309464486,44,65,15,80,NA,NA,NA,NA,NA
G4G2518,229,Samples,Run2,Guyana,Guyana,0.96875,57868,311.118279569892,742.604151937532,143,275,55,330,NA,NA,NA,NA,NA
G4G2520,225,Samples,Run2,Guyana,Guyana,0.630208333333333,7672,63.404958677686,133.132363865966,27,48,13,61,NA,NA,NA,NA,NA
G4G2526,203,Samples,Run2,Guyana,Guyana,0.984375,97023,513.349206349206,1256.74388238691,250,429,87,516,NA,NA,NA,NA,NA
G4G2527,202,Samples,Run2,Guyana,Guyana,0.984375,101316,536.063492063492,1903.1912047676,164,292,54,346,NA,NA,NA,NA,NA
G4G2528,132,Samples,Run2,Guyana,Guyana,0.833333333333333,11496,71.85,174.258183352773,32,49.75,17,66.75,NA,NA,NA,NA,NA
G4G2532,226,Samples,Run2,Guyana,Guyana,0.614583333333333,5495,46.5677966101695,89.9383909559936,21,27.75,13,40.75,NA,NA,NA,NA,NA
G4G2533,227,Samples,Run2,Guyana,Guyana,0.588541666666667,5687,50.3274336283186,100.005039379976,26,41,12,53,NA,NA,NA,NA,NA
G4G2541,146,Samples,Run2,Guyana,Guyana,0.635416666666667,7333,60.1065573770492,99.5437365876705,26.5,41.5,12.25,53.75,NA,NA,NA,NA,NA
G4G2544,147,Samples,Run2,Guyana,Guyana,0.510416666666667,3775,38.5204081632653,65.9767577932096,23,27.25,10.25,37.5,NA,NA,NA,NA,NA
G4G2545,86,Samples,Run2,Guyana,Guyana,0.838541666666667,21171,131.496894409938,294.485464926191,55,102,22,124,NA,NA,NA,NA,NA
G4G2549,87,Samples,Run2,Guyana,Guyana,0.817708333333333,14509,92.4140127388535,187.268559539844,40,61,19,80,NA,NA,NA,NA,NA
G4G2556,77,Samples,Run2,Guyana,Guyana,0.916666666666667,26679,151.585227272727,264.324418866458,64.5,123.75,27.75,151.5,NA,NA,NA,NA,NA
G4G2564,131,Samples,Run2,Guyana,Guyana,0.692708333333333,8110,60.9774436090226,148.95374847356,23,37,12,49,NA,NA,NA,NA,NA
G4G2569,145,Samples,Run2,Guyana,Guyana,0.833333333333333,20699,129.36875,259.786042151115,54,100.25,19,119.25,NA,NA,NA,NA,NA
G4G2573,89,Samples,Run2,Guyana,Guyana,0.984375,102684,543.301587301587,1487.30625738015,230,472,80,552,NA,NA,NA,NA,NA
G4G2589,130,Samples,Run2,Guyana,Guyana,0.864583333333333,14187,85.4638554216867,151.055504210599,47,68.25,18,86.25,NA,NA,NA,NA,NA
G4G2592,263,Samples,Run2,Guyana,Guyana,0.59375,4222,37.0350877192982,59.8852782039748,18,23,12,35,NA,NA,NA,NA,NA
G4G2597,265,Samples,Run2,Guyana,Guyana,0.869791666666667,21806,130.574850299401,306.974831337238,55,82,22.5,104.5,NA,NA,NA,NA,NA
G4G2603,249,Samples,Run2,Guyana,Guyana,0.630208333333333,5819,48.0909090909091,115.121168050595,20,27,13,40,NA,NA,NA,NA,NA
G4G2610,246,Samples,Run2,Guyana,Guyana,0.770833333333333,11240,75.945945945946,155.47367971941,36,52.25,15,67.25,NA,NA,NA,NA,NA
G4G2628,286,Samples,Run2,Guyana,Guyana,0.572916666666667,5449,49.5363636363636,68.9221974965719,27,38.5,14,52.5,NA,NA,NA,NA,NA
G4G3225,386,Samples,Run2,Guyana,Guyana,0.630208333333333,20221,167.115702479339,514.718712665514,47,97,21,118,NA,NA,NA,NA,NA
G7B0472,143,Samples,Run2,Guyana,Guyana,0.984375,44398,234.910052910053,371.604753643325,127,219,54,273,NA,NA,NA,NA,NA
G7B0473,144,Samples,Run2,Guyana,Guyana,0.911458333333333,29249,167.137142857143,353.25911746514,80,141.5,28.5,170,NA,NA,NA,NA,NA
G7B0477,116,Samples,Run2,Guyana,Guyana,0.53125,3935,38.578431372549,89.0698286833059,17.5,19,10,29,NA,NA,NA,NA,NA
G7B0480,115,Samples,Run2,Guyana,Guyana,0.739583333333333,10746,75.6760563380282,212.03052601369,26,41.5,13,54.5,NA,NA,NA,NA,NA
G7B0483,113,Samples,Run2,Guyana,Guyana,0.567708333333333,4185,38.394495412844,90.9407640280834,18,25,11,36,NA,NA,NA,NA,NA
G9L0034,93,Samples,Run2,Guyana,Guyana,0.666666666666667,7713,60.2578125,107.710697828364,29,40,14.75,54.75,NA,NA,NA,NA,NA
G9L0107,396,Samples,Run2,Guyana,Guyana,0.645833333333333,17743,143.088709677419,531.291370645052,31,64.75,12,76.75,NA,NA,NA,NA,NA
G9L0117,391,Samples,Run2,Guyana,Guyana,0.598958333333333,9069,78.8608695652174,183.065700360171,28,48.5,14.5,63,NA,NA,NA,NA,NA
G9L0120,397,Samples,Run2,Guyana,Guyana,0.697916666666667,11665,87.0522388059701,232.647279479227,28,54,15,69,NA,NA,NA,NA,NA
G9L0127,387,Samples,Run2,Guyana,Guyana,0.78125,19763,131.753333333333,379.269537005312,34.5,66.75,15.25,82,NA,NA,NA,NA,NA
G9L0140,395,Samples,Run2,Guyana,Guyana,0.567708333333333,7729,70.908256880734,168.307783610222,24,52,12,64,NA,NA,NA,NA,NA
HRP0302,382,Samples,Run2,Venezuela,Venezuela,0.90625,45191,259.718390804598,553.427654524755,71.5,206.5,27.25,233.75,VENEZ 005,D10,P. vivax,22.678802923623,4.79162425125068
HRP0305,384,Samples,Run2,Venezuela,Venezuela,0.979166666666667,91653,487.515957446808,1382.52205976371,181.5,340.5,62,402.5,VENEZ 005,D12,P. vivax,15.8103335115951,419.670902752041
HRP0352,355,Samples,Run2,Venezuela,Venezuela,0.614583333333333,24630,208.728813559322,688.989854675991,31.5,117.5,15,132.5,VENEZ 005,B07,P. vivax,19.7632582813075,31.9895788965479
HRP0353,356,Samples,Run2,Venezuela,Venezuela,0.848958333333333,44538,273.239263803681,1432.06564886054,57,157,19.5,176.5,VENEZ 005,B08,P. vivax,19.4800789126449,38.4673788816096
HRP0354,357,Samples,Run2,Venezuela,Venezuela,0.864583333333333,54632,329.10843373494,948.576905552007,96.5,213.25,30,243.25,VENEZ 005,B09,P. vivax,19.7840898560673,31.5585676908867
HRP0355,358,Samples,Run2,Venezuela,Venezuela,0.927083333333333,124152,697.483146067416,1465.65196238929,208,496,60,556,VENEZ 005,B10,P. vivax,22.9312841026537,4.06518423826319
HRP0356,359,Samples,Run2,Venezuela,Venezuela,0.994791666666667,100311,525.188481675393,2020.33733141491,204,382.5,62,444.5,VENEZ 005,B11,P. vivax,17.5225011785646,137.626517506824
HRP0357,360,Samples,Run2,Venezuela,Venezuela,0.963541666666667,94384,510.183783783784,1680.36424905977,163,331,62,393,VENEZ 005,B12,P. vivax,16.9105896814206,204.999469466334
HRP0358,361,Samples,Run2,Venezuela,Venezuela,0.984375,81074,428.962962962963,945.622334594943,188,411,74,485,VENEZ 005,C01,P. vivax,15.0250992296175,699.802900803983
HRP0359,362,Samples,Run2,Venezuela,Venezuela,0.994791666666667,292504,1531.43455497382,2637.92973942979,777,1085,339,1424,VENEZ 005,C02,P. vivax,17.0874902764819,182.694156925171
HRP0360,363,Samples,Run2,Venezuela,Venezuela,0.822916666666667,29795,188.575949367089,611.573987840062,63,159.25,23,182.25,VENEZ 005,C03,P. vivax,19.1920565792082,46.403022918955
HRP0361,364,Samples,Run2,Venezuela,Venezuela,0.989583333333333,374025,1968.55263157895,4792.44559354162,802,1717,320.75,2037.75,VENEZ 005,C04,P. vivax,16.1188462391953,343.289427710819
HRP0362,365,Samples,Run2,Venezuela,Venezuela,0.875,49507,294.684523809524,985.964563985796,56,140.25,22.75,163,VENEZ 005,C05,P. vivax,20.2803447656879,22.8441360109987
HRP0363,366,Samples,Run2,Venezuela,Venezuela,0.901041666666667,32599,188.433526011561,367.268345636649,73,137,33,170,VENEZ 005,C06,P. vivax,15.5430375282703,499.460395254236
HRP0364,367,Samples,Run2,Venezuela,Venezuela,0.989583333333333,86886,457.294736842105,726.261709992152,192,455.5,71,526.5,VENEZ 005,C07,P. vivax,18.2086999958481,88.0324526476239
HRP0365,368,Samples,Run2,Venezuela,Venezuela,0.84375,24679,152.33950617284,510.665296951255,49,95.5,24.5,120,VENEZ 005,C08,P. vivax,20.2057123277059,23.9817593211051
HRP0366,369,Samples,Run2,Venezuela,Venezuela,0.536458333333333,5827,56.5728155339806,93.4700960821315,24,39,15,54,VENEZ 005,C09,P. vivax,16.77909323026,223.326558268566
HRP0367,370,Samples,Run2,Venezuela,Venezuela,0.984375,109931,581.645502645503,1692.19315589405,229,492,91,583,VENEZ 005,C10,P. vivax,17.794454281595,115.290327860044
HRP0369,372,Samples,Run2,Venezuela,Venezuela,0.979166666666667,97527,518.760638297872,2038.57664278188,141,379,49,428,VENEZ 005,C12,P. vivax,18.2998423349071,82.9597517301799
HRP0370,373,Samples,Run2,Venezuela,Venezuela,0.953125,37326,203.967213114754,721.775869306061,77,143,35.5,178.5,VENEZ 005,D01,P. vivax,18.161027634318,90.8081242604125
HRP0372,375,Samples,Run2,Venezuela,Venezuela,0.90625,73370,421.666666666667,918.500948444188,183,381,72.25,453.25,VENEZ 005,D03,P. vivax,18.0555418698706,97.2649642895485
HRP0373,376,Samples,Run2,Venezuela,Venezuela,0.895833333333333,17405,101.191860465116,243.228632468833,45.5,74,21,95,VENEZ 005,D04,P. vivax,15.7474662519203,437.207829070046
HRP0375,379,Samples,Run2,Venezuela,Venezuela,0.942708333333333,53153,293.662983425414,1292.00512219915,114,198,34,232,VENEZ 005,D07,P. vivax,18.283792286521,83.8313482675399
HRP0376,380,Samples,Run2,Venezuela,Venezuela,0.864583333333333,29040,174.939759036145,818.490278343593,57,94.75,18,112.75,VENEZ 005,D08,P. vivax,17.1879086072328,171.129947875098
HRP0377,337,Samples,Run2,Venezuela,Venezuela,0.973958333333333,105669,565.07486631016,1862.14548903191,176,449,59.5,508.5,VENEZ 005,A01,P. vivax,17.7195543123202,121.052799040156
HRP0378,338,Samples,Run2,Venezuela,Venezuela,0.911458333333333,54074,308.994285714286,732.411985196251,112,249.5,42,291.5,VENEZ 005,A02,P. vivax,16.3727987604545,290.965707356655
HRP0379,339,Samples,Run2,Venezuela,Venezuela,0.947916666666667,69691,382.917582417582,852.86788132985,126.5,303,47,350,VENEZ 005,A03,P. vivax,16.8809645971555,208.992552382325
HRP0381,341,Samples,Run2,Venezuela,Venezuela,0.609375,9824,83.965811965812,267.491248056118,33,52,14,66,VENEZ 005,A05,P. vivax,19.0329364695358,51.4690286791955
HRP0383,343,Samples,Run2,Venezuela,Venezuela,0.911458333333333,34022,194.411428571429,813.637908314042,60,109.5,20,129.5,VENEZ 005,A07,P. vivax,17.9182603145041,106.360437320327
HRP0384,344,Samples,Run2,Venezuela,Venezuela,0.994791666666667,105534,552.534031413613,2288.86061235348,199,419,63.5,482.5,VENEZ 005,A08,P. vivax,17.574076239931,133.081142593291
HRP0385,345,Samples,Run2,Venezuela,Venezuela,0.625,16139,134.491666666667,474.249340436823,27,67.25,14,81.25,VENEZ 005,A09,P. vivax,19.1200718940285,48.6299455260209
HRP0386,346,Samples,Run2,Venezuela,Venezuela,0.90625,29806,171.298850574713,341.956834477789,67,122.75,24.25,147,VENEZ 005,A10,P. vivax,15.16557302771,638.629945430916
HRP0388,348,Samples,Run2,Venezuela,Venezuela,0.90625,53835,309.396551724138,714.378519013098,95.5,260.25,43.25,303.5,VENEZ 005,A12,P. vivax,18.0717223854074,96.2455210042365
HRP0390,351,Samples,Run2,Venezuela,Venezuela,0.984375,132079,698.830687830688,1544.36893154221,280,526,93,619,VENEZ 005,B03,P. vivax,16.2760103447277,309.894518478641
HRP0391,352,Samples,Run2,Venezuela,Venezuela,0.916666666666667,29536,167.818181818182,406.95798436566,63.5,130,28,158,VENEZ 005,B04,P. vivax,15.4525461517705,529.776049154995
HRP0393,353,Samples,Run2,Venezuela,Venezuela,0.755208333333333,17796,122.731034482759,422.683609925458,34,65,19,84,VENEZ 005,B05,P. vivax,17.0984038814959,181.400405540851
HRP0394,354,Samples,Run2,Venezuela,Venezuela,0.958333333333333,56373,306.375,1008.8831327495,106.5,208.75,44.75,253.5,VENEZ 005,B06,P. vivax,18.6023342250679,68.1273860800837
SP0101254375,320,Samples,Run2,Colombia,Colombia,0.770833333333333,11287,76.2635135135135,166.052092534814,35.5,50,17,67,Gates 070,C08,P. vivax,16.7286333032449,192.968425435247
SP0101254394,321,Samples,Run2,Colombia,Colombia,0.90625,37247,214.063218390805,512.567955763069,93.5,187.75,31.25,219,Gates 070,C09,P. vivax,15.7667823273563,370.140069724808
SP0101254422,322,Samples,Run2,Colombia,Colombia,0.994791666666667,64033,335.251308900524,922.98846413836,153,282.5,53,335.5,Gates 070,C10,P. vivax,16.947692114823,166.364697896882
SP0112286510,299,Samples,Run2,Colombia,Colombia,0.911458333333333,40830,233.314285714286,571.796451778087,104,151,37.5,188.5,Gates 070,A11,P. vivax,19.8411423379005,76.8587137852737
SP0112286511,296,Samples,Run2,Colombia,Colombia,0.6875,6732,51,92.7527288131733,23.5,34,13.75,47.75,Gates 070,A08,P. vivax,19.2458482623142,125.411259713089
SP0112286514,297,Samples,Run2,Colombia,Colombia,0.739583333333333,9392,66.1408450704225,121.30815292155,31.5,46,17,63,Gates 070,A09,P. vivax,18.953483016613,142.474682776978
SP0112286517,298,Samples,Run2,Colombia,Colombia,0.9375,29277,162.65,306.618473006482,72,146,29,175,Gates 070,A10,P. vivax,17.5955841234497,373.768327591857
SP0112286518,314,Samples,Run2,Colombia,Colombia,0.822916666666667,16770,106.139240506329,283.303296060344,45,77.75,20,97.75,Gates 070,C02,P. vivax,19.1377245949087,37.7549425268497
SP0112286543,290,Samples,Run2,Colombia,Colombia,0.953125,64752,353.83606557377,1837.42523669682,99,234,34.5,268.5,Gates 070,A02,P. vivax,20.5417048468617,47.5542242048186
SP0112286544,304,Samples,Run2,Colombia,Colombia,0.979166666666667,82314,437.840425531915,1560.04960707628,159.5,337.75,52.75,390.5,Gates 070,B04,P. vivax,18.7536337700155,223.96942220411
SP0112286546,315,Samples,Run2,Colombia,Colombia,0.984375,105129,556.238095238095,1841.85193037732,211,434,70,504,Gates 070,C03,P. vivax,16.4816705299923,228.096105672431
SP0112286564,294,Samples,Run2,Colombia,Colombia,0.776041666666667,13248,88.9127516778524,267.553882749128,41,63,18,81,Gates 070,A06,P. vivax,18.1962363318036,241.124642226684
SP0112286567,313,Samples,Run2,Colombia,Colombia,0.973958333333333,95295,509.598930481283,1933.59582976952,177,359,62,421,Gates 070,C01,P. vivax,17.303579042976,130.735948942943
SP0112286569,305,Samples,Run2,Colombia,Colombia,0.755208333333333,12495,86.1724137931034,226.801961608078,41,56,19,75,Gates 070,B05,Mixed Infection,19.3272547202294,142.327402017254
SP0112286570,291,Samples,Run2,Colombia,Colombia,0.973958333333333,99295,530.989304812834,1812.90879554385,206,434.5,73,507.5,Gates 070,A03,P. vivax,21.6500240377389,22.3367661667325
SP0112286571,292,Samples,Run2,Colombia,Colombia,0.588541666666667,8450,74.7787610619469,265.808998776554,28,51,12,63,Gates 070,A04,P. vivax,23.953388387148,4.50094684508928
SP0112286594,316,Samples,Run2,Colombia,Colombia,0.989583333333333,89183,469.384210526316,1504.40987560686,191.5,330.5,65,395.5,Gates 070,C04,P. vivax,16.4050932525623,240.236618495852
SP0112286615,317,Samples,Run2,Colombia,Colombia,0.807291666666667,13758,88.7612903225806,268.122865901257,37,58.5,18,76.5,Gates 070,C05,P. vivax,15.8632112116324,346.741976142324
SP0112286616,303,Samples,Run2,Colombia,Colombia,0.90625,38026,218.540229885057,945.414241466447,73.5,135.25,34.25,169.5,Gates 070,B03,P. vivax,21.2043124319168,70.7738015379785
SP0112286641,323,Samples,Run2,Colombia,Colombia,0.979166666666667,54706,290.989361702128,776.589912974892,111,198.25,34.75,233,Gates 070,C11,P. vivax,18.439663918832,60.5721625254008
SP0112286647,328,Samples,Run2,Colombia,Colombia,0.947916666666667,46837,257.346153846154,1146.59754458104,88.5,159.5,30.25,189.75,Gates 070,D04,P. vivax,17.4667890005987,117.056373098548
SP0112286649,327,Samples,Run2,Colombia,Colombia,0.979166666666667,58625,311.835106382979,773.545216914447,134,254.75,47,301.75,Gates 070,D03,P. vivax,16.44797446759,233.360778097554
SP0112286650,326,Samples,Run2,Colombia,Colombia,0.984375,176478,933.746031746032,2612.56814612285,413,695,129,824,Gates 070,D02,P. vivax,15.6629431369475,397.104813971291
SP0112286652,335,Samples,Run2,Colombia,Colombia,0.994791666666667,126978,664.806282722513,2576.56443415039,225,498,85,583,Gates 070,D11,P. vivax,17.2950828945071,131.490306043535
SP0112286655,332,Samples,Run2,Colombia,Colombia,0.572916666666667,5964,54.2181818181818,169.07738751572,20,22.75,11,33.75,Gates 070,D08,P. vivax,20.1874846792201,18.54555963321
SP0112286656,333,Samples,Run2,Colombia,Colombia,0.916666666666667,28628,162.659090909091,573.582603568905,69,110.75,27,137.75,Gates 070,D09,P. vivax,16.5547177406607,217.087454159777
SP0112286657,334,Samples,Run2,Colombia,Colombia,0.890625,37957,221.970760233918,565.566591771687,104,170.5,40,210.5,Gates 070,D10,P. vivax,15.5795477788395,420.176424784479
SP0112286660,329,Samples,Run2,Colombia,Colombia,0.770833333333333,12501,84.4662162162162,208.028007518498,35.5,61.5,19,80.5,Gates 070,D05,P. vivax,16.7923969057675,184.813381065375
SP0112286665,312,Samples,Run2,Colombia,Colombia,0.640625,7577,61.6016260162602,181.122399508983,29,42.5,15,57.5,Gates 070,B12,P. vivax,18.5988002110037,187.974775160191
SP0112286677,336,Samples,Run2,Colombia,Colombia,0.994791666666667,163608,856.586387434555,2310.86555705023,399,677.5,133.5,811,Gates 070,D12,P. vivax,15.9870583920564,318.847511285284
SP0112286679,324,Samples,Run2,Colombia,Colombia,0.895833333333333,30060,174.767441860465,573.377154066251,79,115.5,24.75,140.25,Gates 070,C12,P. vivax,17.443538540172,118.914006416565
SP0112286681,310,Samples,Run2,Colombia,Colombia,0.869791666666667,15606,93.4491017964072,216.944378488179,37,67,19.5,86.5,Gates 070,B10,P. vivax,19.7125676308882,158.786005143963
SP0112286682,309,Samples,Run2,Colombia,Colombia,0.8125,17871,114.557692307692,341.521533640921,50,79,21,100,Gates 070,B09,P. vivax,19.2999502793289,115.465239249291
SP0112286683,308,Samples,Run2,Colombia,Colombia,0.75,10808,75.0555555555556,203.295739579455,36,55.25,18,73.25,Gates 070,B08,P. vivax,19.8848270779165,174.859158096123
SP0112286685,307,Samples,Run2,Colombia,Colombia,0.708333333333333,14959,109.992647058824,342.930173139135,42.5,68.25,21.75,90,Gates 070,B07,P. vivax,21.3020425219434,28.2972559211158
SP0112286689,306,Samples,Run2,Colombia,Colombia,0.614583333333333,6153,52.1440677966102,119.866683453389,25,35.5,15,50.5,Gates 070,B06,P. vivax,20.5622536162451,7.19433417491229
SP0112286902,300,Samples,Run2,Colombia,Colombia,0.885416666666667,21569,126.876470588235,364.816030527006,52,81.5,20.25,101.75,Gates 070,A12,P. vivax,20.0194943880655,67.6461997720125
SP0112286928,289,Samples,Run2,Colombia,Colombia,0.515625,8094,81.7575757575758,132.78608629081,25,53,15,68,Gates 070,A01,P. vivax,16.9770244763852,564.971276802662
